<metadata xml:lang="en">
	<Esri>
		<CreaDate>20070927</CreaDate>
		<CreaTime>11423600</CreaTime>
		<SyncDate>20170828</SyncDate>
		<SyncTime>09122100</SyncTime>
		<ModDate>20170828</ModDate>
		<ModTime>09122100</ModTime>
		<SyncOnce>FALSE</SyncOnce><DataProperties><lineage><Process ToolSource="D:\Program Files\ArcGIS\ArcToolbox\Toolboxes\Data Management Tools.tbx\CopyFeatures" Date="20070424" Time="100004">CopyFeatures Z:\General_Data\GEODATABASES\planning.mdb\zoning\dualzone "Database Servers\ARCGISSERVER_SQLEXPRESS.gds\planning (VERSION:dbo.DEFAULT)\planning.DBO.dualzone" # 0 0 0</Process><Process ToolSource="D:\Program Files\ArcGIS\ArcToolbox\Toolboxes\Data Management Tools.tbx\CopyFeatures" Date="20090720" Time="093202">CopyFeatures "Database Servers\ARCGISSERVER_SQLEXPRESS.gds\planning (VERSION:dbo.DEFAULT)\planning.DBO.Zoning\planning.DBO.dualzone" D:\gisdata\planning\planning.gdb\zoning\planning_DBO_dualzone # 0 0 0</Process></lineage><itemProps><itemName Sync="TRUE">dualzone</itemName><imsContentType Sync="TRUE">002</imsContentType><itemSize Sync="TRUE">0.000</itemSize><itemLocation><linkage Sync="TRUE">file://\\carson_nas\gis\share\on going projects\Map Gallery\zoning2017\dualzone.shp</linkage><protocol Sync="TRUE">Local Area Network</protocol></itemLocation></itemProps><coordRef><type Sync="TRUE">Projected</type><geogcsn Sync="TRUE">GCS_North_American_1983</geogcsn><csUnits Sync="TRUE">Linear Unit: Foot_US (0.304801)</csUnits><projcsn Sync="TRUE">NAD_1983_StatePlane_California_V_FIPS_0405_Feet</projcsn><peXml Sync="TRUE">&lt;ProjectedCoordinateSystem xsi:type='typens:ProjectedCoordinateSystem' xmlns:xsi='http://www.w3.org/2001/XMLSchema-instance' xmlns:xs='http://www.w3.org/2001/XMLSchema' xmlns:typens='http://www.esri.com/schemas/ArcGIS/10.5'&gt;&lt;WKT&gt;PROJCS[&amp;quot;NAD_1983_StatePlane_California_V_FIPS_0405_Feet&amp;quot;,GEOGCS[&amp;quot;GCS_North_American_1983&amp;quot;,DATUM[&amp;quot;D_North_American_1983&amp;quot;,SPHEROID[&amp;quot;GRS_1980&amp;quot;,6378137.0,298.257222101]],PRIMEM[&amp;quot;Greenwich&amp;quot;,0.0],UNIT[&amp;quot;Degree&amp;quot;,0.0174532925199433]],PROJECTION[&amp;quot;Lambert_Conformal_Conic&amp;quot;],PARAMETER[&amp;quot;False_Easting&amp;quot;,6561666.666666666],PARAMETER[&amp;quot;False_Northing&amp;quot;,1640416.666666667],PARAMETER[&amp;quot;Central_Meridian&amp;quot;,-118.0],PARAMETER[&amp;quot;Standard_Parallel_1&amp;quot;,34.03333333333333],PARAMETER[&amp;quot;Standard_Parallel_2&amp;quot;,35.46666666666667],PARAMETER[&amp;quot;Latitude_Of_Origin&amp;quot;,33.5],UNIT[&amp;quot;Foot_US&amp;quot;,0.3048006096012192],AUTHORITY[&amp;quot;EPSG&amp;quot;,2229]]&lt;/WKT&gt;&lt;XOrigin&gt;-117608900&lt;/XOrigin&gt;&lt;YOrigin&gt;-91881400&lt;/YOrigin&gt;&lt;XYScale&gt;36269466.692146368&lt;/XYScale&gt;&lt;ZOrigin&gt;-100000&lt;/ZOrigin&gt;&lt;ZScale&gt;10000&lt;/ZScale&gt;&lt;MOrigin&gt;-100000&lt;/MOrigin&gt;&lt;MScale&gt;10000&lt;/MScale&gt;&lt;XYTolerance&gt;0.0032808333333333331&lt;/XYTolerance&gt;&lt;ZTolerance&gt;0.001&lt;/ZTolerance&gt;&lt;MTolerance&gt;0.001&lt;/MTolerance&gt;&lt;HighPrecision&gt;true&lt;/HighPrecision&gt;&lt;WKID&gt;102645&lt;/WKID&gt;&lt;LatestWKID&gt;2229&lt;/LatestWKID&gt;&lt;/ProjectedCoordinateSystem&gt;</peXml></coordRef></DataProperties><MetaID>{982E6059-0193-4BB1-A581-23AF9E2E0669}</MetaID></Esri>
	<idinfo>
		<native Sync="TRUE">Microsoft Windows 2000 Version 5.2 (Build 3790) Service Pack 2; ESRI ArcCatalog 9.3.1.3000</native>
		<descript>
			<langdata Sync="TRUE">en</langdata>
			<abstract Sync="TRUE">Multiple-Zone Parcels</abstract>
			<purpose Sync="TRUE">A summary of the intentions with which the data set was developed.  REQUIRED.</purpose>
		</descript>
		<citation>
			<citeinfo>
				<origin Sync="TRUE">City of Carson</origin>
				<pubdate Sync="TRUE">10-26-00</pubdate>
				<title Sync="TRUE">planning_DBO_dualzone</title>
				<ftname Sync="TRUE">planning_DBO_dualzone</ftname>
				<geoform Sync="TRUE">vector digital data</geoform>
				<onlink Sync="TRUE">\\ARCGISSERVER\gisdata\planning\planning.gdb</onlink></citeinfo>
		</citation>
		<timeperd>
			<current Sync="TRUE">The basis on which the time period of content information is determined.  REQUIRED.</current>
			<timeinfo>
				<sngdate>
					<caldate Sync="TRUE">The year (and optionally month, or month and day) for which the data set corresponds to the ground.  REQUIRED.</caldate>
				</sngdate>
			</timeinfo>
		</timeperd>
		<status>
			<progress>Complete</progress>
			<update>As needed</update>
		</status>
		<spdom>
			<bounding>
				<westbc Sync="TRUE">-118.285624</westbc>
				<eastbc Sync="TRUE">-118.216134</eastbc>
				<northbc Sync="TRUE">33.872472</northbc>
				<southbc Sync="TRUE">33.809099</southbc>
			</bounding>
			<lboundng>
				<leftbc Sync="TRUE">6474961.883826</leftbc>
				<rightbc Sync="TRUE">6496006.844550</rightbc>
				<bottombc Sync="TRUE">1753031.892932</bottombc>
				<topbc Sync="TRUE">1776042.625049</topbc>
			</lboundng>
		</spdom>
		<keywords>
			<theme>
				<themekt Sync="TRUE">Reference to a formally registered thesaurus or a similar authoritative source of theme keywords.  REQUIRED.</themekt>
				<themekey Sync="TRUE">Common-use word or phrase used to describe the subject of the data set.  REQUIRED.</themekey>
			</theme>
		</keywords>
		<accconst Sync="TRUE">Restrictions and legal prerequisites for accessing the data set.  REQUIRED.</accconst>
		<useconst Sync="TRUE">Restrictions and legal prerequisites for using the data set after access is granted.  REQUIRED.</useconst>
		<natvform Sync="TRUE">File Geodatabase Feature Class</natvform>
	</idinfo>
	<metainfo>
		<langmeta Sync="TRUE">en</langmeta>
		<metstdn Sync="TRUE">FGDC Content Standards for Digital Geospatial Metadata</metstdn>
		<metstdv Sync="TRUE">FGDC-STD-001-1998</metstdv>
		<mettc Sync="TRUE">local time</mettc>
		<metc>
			<cntinfo>
				<cntorgp>
					<cntper Sync="TRUE">The person responsible for the metadata information.  REQUIRED.</cntper>
					<cntorg Sync="TRUE">The organization responsible for the metadata information.  REQUIRED.</cntorg>
				</cntorgp>
				<cntaddr>
					<addrtype Sync="TRUE">The mailing and/or physical address for the organization or individual.  REQUIRED.</addrtype>
					<city Sync="TRUE">The city of the address.  REQUIRED.</city>
					<state Sync="TRUE">The state or province of the address.  REQUIRED.</state>
					<postal Sync="TRUE">The ZIP or other postal code of the address.  REQUIRED.</postal>
				</cntaddr>
				<cntvoice Sync="TRUE">The telephone number by which individuals can speak to the organization or individual.  REQUIRED.</cntvoice>
			</cntinfo>
		</metc>
		<metd Sync="TRUE">20090720</metd>
	</metainfo>
	<spdoinfo>
		<direct Sync="TRUE">Vector</direct>
		<ptvctinf><esriterm Name="dualzone"><efeatyp Sync="TRUE">Simple</efeatyp><efeageom code="4" Sync="TRUE"></efeageom><esritopo Sync="TRUE">FALSE</esritopo><efeacnt Sync="TRUE">0</efeacnt><spindex Sync="TRUE">FALSE</spindex><linrefer Sync="TRUE">FALSE</linrefer></esriterm></ptvctinf></spdoinfo>
	<eainfo>
		<detailed Name="dualzone">
			<enttyp>
				<enttypl Sync="TRUE">dualzone</enttypl>
				<enttypt Sync="TRUE">Feature Class</enttypt>
				<enttypc Sync="TRUE">0</enttypc>
			</enttyp>
			<attr><attrlabl Sync="TRUE">FID</attrlabl><attalias Sync="TRUE">FID</attalias><attrtype Sync="TRUE">OID</attrtype><attwidth Sync="TRUE">4</attwidth><atprecis Sync="TRUE">0</atprecis><attscale Sync="TRUE">0</attscale><attrdef Sync="TRUE">Internal feature number.</attrdef><attrdefs Sync="TRUE">Esri</attrdefs><attrdomv><udom Sync="TRUE">Sequential unique whole numbers that are automatically generated.</udom></attrdomv></attr><attr>
				<attrlabl Sync="TRUE">Shape</attrlabl>
				<attalias Sync="TRUE">Shape</attalias>
				<attrtype Sync="TRUE">Geometry</attrtype>
				<attwidth Sync="TRUE">0</attwidth>
				<atprecis Sync="TRUE">0</atprecis>
				<attscale Sync="TRUE">0</attscale>
				<attrdef Sync="TRUE">Feature geometry.</attrdef><attrdefs Sync="TRUE">ESRI</attrdefs><attrdomv><udom Sync="TRUE">Coordinates defining the features.</udom></attrdomv></attr>
			<attr>
				<attrlabl Sync="TRUE">ZONE_</attrlabl>
				<attalias Sync="TRUE">ZONE_</attalias>
				<attrtype Sync="TRUE">String</attrtype>
				<attwidth Sync="TRUE">10</attwidth>
				<atprecis Sync="TRUE">0</atprecis><attscale Sync="TRUE">0</attscale></attr>
			<attr><attrlabl Sync="TRUE">GlobalID</attrlabl><attalias Sync="TRUE">GlobalID</attalias><attrtype Sync="TRUE">String</attrtype><attwidth Sync="TRUE">38</attwidth><atprecis Sync="TRUE">0</atprecis><attscale Sync="TRUE">0</attscale></attr><attr><attrlabl Sync="TRUE">RuleID</attrlabl><attalias Sync="TRUE">RuleID</attalias><attrtype Sync="TRUE">Integer</attrtype><attwidth Sync="TRUE">10</attwidth><atprecis Sync="TRUE">10</atprecis><attscale Sync="TRUE">0</attscale></attr><attr><attrlabl Sync="TRUE">Shape_Leng</attrlabl><attalias Sync="TRUE">Shape_Leng</attalias><attrtype Sync="TRUE">Double</attrtype><attwidth Sync="TRUE">19</attwidth><atprecis Sync="TRUE">0</atprecis><attscale Sync="TRUE">0</attscale></attr><attr><attrlabl Sync="TRUE">Shape_Area</attrlabl><attalias Sync="TRUE">Shape_Area</attalias><attrtype Sync="TRUE">Double</attrtype><attwidth Sync="TRUE">19</attwidth><atprecis Sync="TRUE">0</atprecis><attscale Sync="TRUE">0</attscale><attrdef Sync="TRUE">Area of feature in internal units squared.</attrdef><attrdefs Sync="TRUE">ESRI</attrdefs><attrdomv><udom Sync="TRUE">Positive real numbers that are automatically generated.</udom></attrdomv></attr><attr><attrlabl Sync="TRUE">RuleID_2</attrlabl><attalias Sync="TRUE">RuleID_2</attalias><attrtype Sync="TRUE">Integer</attrtype><attwidth Sync="TRUE">10</attwidth><atprecis Sync="TRUE">10</atprecis><attscale Sync="TRUE">0</attscale></attr></detailed>
	</eainfo>
	<distinfo>
		<stdorder>
			<digform>
				<digtinfo>
					<formname Sync="TRUE">SHP</formname>
					<filedec Sync="TRUE">No compression applied</filedec>
					<transize Sync="TRUE">0.032</transize>
					<dssize Sync="TRUE">0.032</dssize>
				</digtinfo>
				<digtopt>
					<onlinopt>
						<accinstr Sync="TRUE">Local area network</accinstr>
						<computer>
							<networka>
								<networkr Sync="TRUE">\\DRAKE\Gis-data\planning\dualzone.shp</networkr>
							</networka>
						</computer>
					</onlinopt>
				</digtopt>
			</digform>
		</stdorder>
		<resdesc Sync="TRUE">Downloadable Data</resdesc></distinfo>
	<distInfo><distributor><distorTran><onLineSrc><linkage Sync="TRUE">file://\\ARCGISSERVER\gisdata\planning\planning.gdb</linkage><protocol Sync="TRUE">Local Area Network</protocol><orDesc Sync="TRUE">002</orDesc></onLineSrc></distorTran><distorFormat><formatName Sync="TRUE">File Geodatabase Feature Class</formatName></distorFormat></distributor><distFormat><formatName Sync="TRUE">Shapefile</formatName></distFormat><distTranOps><transSize Sync="TRUE">0.000</transSize></distTranOps></distInfo><dataqual><lineage><procstep><procdesc Sync="TRUE">Dataset copied.</procdesc><srcused Sync="TRUE">X:\AVGis-data\planning\dualzone</srcused><date Sync="TRUE">20020814</date><time Sync="TRUE">17244500</time></procstep><procstep><procdesc Sync="TRUE">Dataset copied.</procdesc><srcused Sync="TRUE">X:\AVGis-data\planning\dualzone</srcused><date Sync="TRUE">20031027</date><time Sync="TRUE">16511500</time></procstep><procstep><procdesc Sync="TRUE">Dataset copied.</procdesc><srcused Sync="TRUE"></srcused><date Sync="TRUE">20040107</date><time Sync="TRUE">08422800</time></procstep><procstep><procdesc Sync="TRUE">Dataset copied.</procdesc><srcused Sync="TRUE">\\Magellan\Share\planning.mdb</srcused><date Sync="TRUE">20040107</date><time Sync="TRUE">17562700</time></procstep><srcinfo><srccontr>City of Carson, 1997</srccontr></srcinfo><procstep><procdesc Sync="TRUE">Dataset copied.</procdesc><srcused Sync="TRUE">Server=arcgisserver_sqlexpress; Service=sde:sqlserver:arcgisserver\sqlexpress; Database=planning; Version=dbo.DEFAULT</srcused><date Sync="TRUE">20070917</date><time Sync="TRUE">15500300</time></procstep><procstep><procdesc Sync="TRUE">Dataset copied.</procdesc><srcused Sync="TRUE">Server=arcgisserver_sqlexpress; Service=sde:sqlserver:arcgisserver\sqlexpress; Database=planning; Version=dbo.DEFAULT</srcused><date Sync="TRUE">20070917</date><time Sync="TRUE">15545500</time></procstep><procstep><procdesc Sync="TRUE">Dataset copied.</procdesc><srcused Sync="TRUE">Server=arcgisserver_sqlexpress; Service=sde:sqlserver:arcgisserver\sqlexpress; Database=planning; Version=dbo.DEFAULT</srcused><date Sync="TRUE">20070917</date><time Sync="TRUE">16181000</time></procstep><procstep><procdesc Sync="TRUE">Dataset copied.</procdesc><srcused Sync="TRUE">Server=arcgisserver_sqlexpress; Service=sde:sqlserver:arcgisserver\sqlexpress; Database=planning; Version=dbo.DEFAULT</srcused><date Sync="TRUE">20070917</date><time Sync="TRUE">17422900</time></procstep><procstep><procdesc Sync="TRUE">Dataset copied.</procdesc><srcused Sync="TRUE">Server=arcgisserver_sqlexpress; Service=sde:sqlserver:arcgisserver\sqlexpress; Database=planning; Version=dbo.DEFAULT</srcused><date Sync="TRUE">20070924</date><time Sync="TRUE">14251700</time></procstep><procstep><procdesc Sync="TRUE">Dataset copied.</procdesc><srcused Sync="TRUE">Server=arcgisserver_sqlexpress; Service=sde:sqlserver:arcgisserver\sqlexpress; Database=planning; Version=dbo.DEFAULT</srcused><date Sync="TRUE">20070927</date><time Sync="TRUE">11423600</time></procstep></lineage></dataqual><dataIdInfo><envirDesc Sync="TRUE"> Version 6.2 (Build 9200) ; Esri ArcGIS 10.5.1.7333</envirDesc><dataLang><languageCode Sync="TRUE" value="eng"></languageCode><countryCode value="USA" Sync="TRUE"></countryCode></dataLang><idCitation><resTitle Sync="TRUE">dualzone</resTitle><presForm><PresFormCd Sync="TRUE" value="005"></PresFormCd></presForm></idCitation><spatRpType><SpatRepTypCd Sync="TRUE" value="001"></SpatRepTypCd></spatRpType><dataExt><geoEle><GeoBndBox esriExtentType="native"><westBL Sync="TRUE">6474961.883826</westBL><eastBL Sync="TRUE">6496006.84455</eastBL><northBL Sync="TRUE">1776042.625049</northBL><southBL Sync="TRUE">1753031.892932</southBL><exTypeCode Sync="TRUE">1</exTypeCode></GeoBndBox></geoEle></dataExt><geoBox esriExtentType="decdegrees"><westBL Sync="TRUE">-118.285624</westBL><eastBL Sync="TRUE">-118.216134</eastBL><northBL Sync="TRUE">33.872472</northBL><southBL Sync="TRUE">33.809099</southBL><exTypeCode Sync="TRUE">1</exTypeCode></geoBox></dataIdInfo><mdLang><languageCode Sync="TRUE" value="eng"></languageCode><countryCode value="USA" Sync="TRUE"></countryCode></mdLang><mdStanName Sync="TRUE">ISO 19115 Geographic Information - Metadata</mdStanName><mdStanVer Sync="TRUE">DIS_ESRI1.0</mdStanVer><mdChar><CharSetCd Sync="TRUE" value="004"></CharSetCd></mdChar><mdHrLv><ScopeCd Sync="TRUE" value="005"></ScopeCd></mdHrLv><mdHrLvName Sync="TRUE">dataset</mdHrLvName><spref><horizsys><cordsysn><geogcsn Sync="TRUE">GCS_North_American_1983</geogcsn><projcsn Sync="TRUE">NAD_1983_StatePlane_California_V_FIPS_0405_Feet</projcsn></cordsysn><planar><planci><plance Sync="TRUE">coordinate pair</plance><plandu Sync="TRUE">survey feet</plandu><coordrep><absres Sync="TRUE">0.000082</absres><ordres Sync="TRUE">0.000082</ordres></coordrep></planci></planar><geodetic><horizdn Sync="TRUE">North American Datum of 1983</horizdn><ellips Sync="TRUE">Geodetic Reference System 80</ellips><semiaxis Sync="TRUE">6378137.000000</semiaxis><denflat Sync="TRUE">298.257222</denflat></geodetic></horizsys><vertdef><altsys><altenc Sync="TRUE">Explicit elevation coordinate included with horizontal coordinates</altenc><altres Sync="TRUE">1.000000</altres></altsys></vertdef></spref><refSysInfo><RefSystem><refSysID><identCode Sync="TRUE" code="2229">NAD_1983_StatePlane_California_V_FIPS_0405_Feet</identCode><idCodeSpace Sync="TRUE">EPSG</idCodeSpace><idVersion Sync="TRUE">5.3(9.0.0)</idVersion></refSysID></RefSystem></refSysInfo><spatRepInfo><VectSpatRep><geometObjs Name="dualzone"><geoObjTyp><GeoObjTypCd value="002" Sync="TRUE"></GeoObjTypCd></geoObjTyp><geoObjCnt Sync="TRUE">0</geoObjCnt></geometObjs><topLvl><TopoLevCd value="001" Sync="TRUE"></TopoLevCd></topLvl></VectSpatRep></spatRepInfo><mdDateSt Sync="TRUE">20170828</mdDateSt></metadata>
