<metadata xml:lang="en"><Esri><CreaDate>20120614</CreaDate><CreaTime>16150200</CreaTime><SyncOnce>FALSE</SyncOnce><SyncDate>20170828</SyncDate><SyncTime>09123000</SyncTime><ModDate>20170828</ModDate><ModTime>09123000</ModTime><DataProperties><lineage><Process Name="FeatureClassToFeatureClass_1" ToolSource="D:\Program Files\ArcGIS\ArcToolbox\Toolboxes\Conversion Tools.tbx\FeatureClassToFeatureClass" Date="20070823" Time="172159">FeatureClassToFeatureClass Z:\Export_Output_3.shp "Database Servers\ARCGISSERVER_SQLEXPRESS.gds\planning (VERSION:dbo.DEFAULT)\planning.DBO.Topology" parcelsedit2 # "OBJECTID OBJECTID true false false 10 Double 0 10 ,First,#,Z:\Export_Output_3.shp,OBJECTID,-1,-1;AREA_ AREA_ true false false 19 Double 8 18 ,First,#,Z:\Export_Output_3.shp,AREA_,-1,-1;APN APN true false false 11 Text 0 0 ,First,#,Z:\Export_Output_3.shp,APN,-1,-1;TRACTS TRACTS true false false 16 Text 0 0 ,First,#,Z:\Export_Output_3.shp,TRACTS,-1,-1;ZONE_ ZONE_ true false false 15 Text 0 0 ,First,#,Z:\Export_Output_3.shp,ZONE_,-1,-1;ZONECOMBO ZONECOMBO true false false 6 Text 0 0 ,First,#,Z:\Export_Output_3.shp,ZONECOMBO,-1,-1;PROPINF PROPINF true false false 100 Text 0 0 ,First,#,Z:\Export_Output_3.shp,PROPINF,-1,-1;RECORDED RECORDED true false false 25 Text 0 0 ,First,#,Z:\Export_Output_3.shp,RECORDED,-1,-1;ASSESSORUR ASSESSORUR true false false 100 Text 0 0 ,First,#,Z:\Export_Output_3.shp,ASSESSORUR,-1,-1;X_1 X_1 true false false 19 Double 8 18 ,First,#,Z:\Export_Output_3.shp,X_1,-1,-1;Y_1 Y_1 true false false 19 Double 8 18 ,First,#,Z:\Export_Output_3.shp,Y_1,-1,-1" # "Database Servers\ARCGISSERVER_SQLEXPRESS.gds\planning (VERSION:dbo.DEFAULT)\planning.DBO.Topology\planning.DBO.parcelsedit2"</Process><Process ToolSource="D:\Program Files\ArcGIS\ArcToolbox\Toolboxes\Conversion Tools.tbx\FeatureClassToFeatureClass" Date="20080715" Time="150549">FeatureClassToFeatureClass "Database Servers\ARCGISSERVER_SQLEXPRESS.gds\planning (VERSION:dbo.DEFAULT)\planning.DBO.Topology\planning.DBO.parcelsedit" "Database Servers\ARCGISSERVER_SQLEXPRESS.gds\planning (VERSION:dbo.DEFAULT)" Parcels1 # "APN 'APN' true true false 11 Text 0 0 ,First,#,Database Servers\ARCGISSERVER_SQLEXPRESS.gds\planning (VERSION:dbo.DEFAULT)\planning.DBO.Topology\planning.DBO.parcelsedit,APN,-1,-1;TRACTS 'TRACTS' true true false 16 Text 0 0 ,First,#,Database Servers\ARCGISSERVER_SQLEXPRESS.gds\planning (VERSION:dbo.DEFAULT)\planning.DBO.Topology\planning.DBO.parcelsedit,TRACTS,-1,-1;ZONE_ 'ZONE_' true true false 15 Text 0 0 ,First,#,Database Servers\ARCGISSERVER_SQLEXPRESS.gds\planning (VERSION:dbo.DEFAULT)\planning.DBO.Topology\planning.DBO.parcelsedit,ZONE_,-1,-1;ZONECOMBO 'ZONECOMBO' true true false 6 Text 0 0 ,First,#,Database Servers\ARCGISSERVER_SQLEXPRESS.gds\planning (VERSION:dbo.DEFAULT)\planning.DBO.Topology\planning.DBO.parcelsedit,ZONECOMBO,-1,-1;PROPINF 'PROPINF' true true false 100 Text 0 0 ,First,#,Database Servers\ARCGISSERVER_SQLEXPRESS.gds\planning (VERSION:dbo.DEFAULT)\planning.DBO.Topology\planning.DBO.parcelsedit,PROPINF,-1,-1;RECORDED 'RECORDED' true true false 25 Text 0 0 ,First,#,Database Servers\ARCGISSERVER_SQLEXPRESS.gds\planning (VERSION:dbo.DEFAULT)\planning.DBO.Topology\planning.DBO.parcelsedit,RECORDED,-1,-1;ASSESSORUR 'ASSESSORUR' true true false 100 Text 0 0 ,First,#,Database Servers\ARCGISSERVER_SQLEXPRESS.gds\planning (VERSION:dbo.DEFAULT)\planning.DBO.Topology\planning.DBO.parcelsedit,ASSESSORUR,-1,-1;X_1 'X_1' true true false 8 Double 8 19 ,First,#,Database Servers\ARCGISSERVER_SQLEXPRESS.gds\planning (VERSION:dbo.DEFAULT)\planning.DBO.Topology\planning.DBO.parcelsedit,X_1,-1,-1;Y_1 'Y_1' true true false 8 Double 8 19 ,First,#,Database Servers\ARCGISSERVER_SQLEXPRESS.gds\planning (VERSION:dbo.DEFAULT)\planning.DBO.Topology\planning.DBO.parcelsedit,Y_1,-1,-1;ZCC_1 'ZCC_1' true true false 15 Text 0 0 ,First,#,Database Servers\ARCGISSERVER_SQLEXPRESS.gds\planning (VERSION:dbo.DEFAULT)\planning.DBO.Topology\planning.DBO.parcelsedit,ZCC_1,-1,-1;PriorZoning_1 'PriorZoning_1' true true false 15 Text 0 0 ,First,#,Database Servers\ARCGISSERVER_SQLEXPRESS.gds\planning (VERSION:dbo.DEFAULT)\planning.DBO.Topology\planning.DBO.parcelsedit,PriorZoning_1,-1,-1;DateChanged_1 'DateChanged_1' true true false 20 Text 0 0 ,First,#,Database Servers\ARCGISSERVER_SQLEXPRESS.gds\planning (VERSION:dbo.DEFAULT)\planning.DBO.Topology\planning.DBO.parcelsedit,DateChanged_1,-1,-1;ResNum_1 'ResNum_1' true true false 15 Text 0 0 ,First,#,Database Servers\ARCGISSERVER_SQLEXPRESS.gds\planning (VERSION:dbo.DEFAULT)\planning.DBO.Topology\planning.DBO.parcelsedit,ResNum_1,-1,-1;OrdNum_1 'OrdNum_1' true true false 15 Text 0 0 ,First,#,Database Servers\ARCGISSERVER_SQLEXPRESS.gds\planning (VERSION:dbo.DEFAULT)\planning.DBO.Topology\planning.DBO.parcelsedit,OrdNum_1,-1,-1;ZCC_2 'ZCC_2' true true false 15 Text 0 0 ,First,#,Database Servers\ARCGISSERVER_SQLEXPRESS.gds\planning (VERSION:dbo.DEFAULT)\planning.DBO.Topology\planning.DBO.parcelsedit,ZCC_2,-1,-1;PriorZoning_2 'PriorZoning_2' true true false 15 Text 0 0 ,First,#,Database Servers\ARCGISSERVER_SQLEXPRESS.gds\planning (VERSION:dbo.DEFAULT)\planning.DBO.Topology\planning.DBO.parcelsedit,PriorZoning_2,-1,-1;DateChanged_2 'DateChanged_2' true true false 15 Text 0 0 ,First,#,Database Servers\ARCGISSERVER_SQLEXPRESS.gds\planning (VERSION:dbo.DEFAULT)\planning.DBO.Topology\planning.DBO.parcelsedit,DateChanged_2,-1,-1;ResNum_2 'ResNum_2' true true false 15 Text 0 0 ,First,#,Database Servers\ARCGISSERVER_SQLEXPRESS.gds\planning (VERSION:dbo.DEFAULT)\planning.DBO.Topology\planning.DBO.parcelsedit,ResNum_2,-1,-1;OrdNum_2 'OrdNum_2' true true false 50 Text 0 0 ,First,#,Database Servers\ARCGISSERVER_SQLEXPRESS.gds\planning (VERSION:dbo.DEFAULT)\planning.DBO.Topology\planning.DBO.parcelsedit,OrdNum_2,-1,-1;ZCC_3 'ZCC_3' true true false 15 Text 0 0 ,First,#,Database Servers\ARCGISSERVER_SQLEXPRESS.gds\planning (VERSION:dbo.DEFAULT)\planning.DBO.Topology\planning.DBO.parcelsedit,ZCC_3,-1,-1;PriorZoning_3 'PriorZoning_3' true true false 15 Text 0 0 ,First,#,Database Servers\ARCGISSERVER_SQLEXPRESS.gds\planning (VERSION:dbo.DEFAULT)\planning.DBO.Topology\planning.DBO.parcelsedit,PriorZoning_3,-1,-1;DateChanged_3 'DateChanged_3' true true false 15 Text 0 0 ,First,#,Database Servers\ARCGISSERVER_SQLEXPRESS.gds\planning (VERSION:dbo.DEFAULT)\planning.DBO.Topology\planning.DBO.parcelsedit,DateChanged_3,-1,-1;ResNum_3 'ResNum_3' true true false 15 Text 0 0 ,First,#,Database Servers\ARCGISSERVER_SQLEXPRESS.gds\planning (VERSION:dbo.DEFAULT)\planning.DBO.Topology\planning.DBO.parcelsedit,ResNum_3,-1,-1;OrdNum_3 'OrdNum_3' true true false 15 Text 0 0 ,First,#,Database Servers\ARCGISSERVER_SQLEXPRESS.gds\planning (VERSION:dbo.DEFAULT)\planning.DBO.Topology\planning.DBO.parcelsedit,OrdNum_3,-1,-1" # "Database Servers\ARCGISSERVER_SQLEXPRESS.gds\planning (VERSION:dbo.DEFAULT)\planning.DBO.Parcels1"</Process><Process ToolSource="D:\Program Files\ArcGIS\ArcToolbox\Toolboxes\Conversion Tools.tbx\FeatureClassToFeatureClass" Date="20080827" Time="171349">FeatureClassToFeatureClass "Database Servers\ARCGISSERVER_SQLEXPRESS.gds\planning (VERSION:dbo.DEFAULT)\planning.DBO.Parcels" "Database Servers\ARCGISSERVER_SQLEXPRESS.gds\planning (VERSION:dbo.DEFAULT)\planning.DBO.Topology1" parcelsedits # "APN 'APN' true true false 11 Text 0 0 ,First,#,Database Servers\ARCGISSERVER_SQLEXPRESS.gds\planning (VERSION:dbo.DEFAULT)\planning.DBO.Parcels,APN,-1,-1;TRACTS 'TRACTS' true true false 16 Text 0 0 ,First,#,Database Servers\ARCGISSERVER_SQLEXPRESS.gds\planning (VERSION:dbo.DEFAULT)\planning.DBO.Parcels,TRACTS,-1,-1;ZONE_ 'ZONE_' true true false 15 Text 0 0 ,First,#,Database Servers\ARCGISSERVER_SQLEXPRESS.gds\planning (VERSION:dbo.DEFAULT)\planning.DBO.Parcels,ZONE_,-1,-1;ZONECOMBO 'ZONECOMBO' true true false 6 Text 0 0 ,First,#,Database Servers\ARCGISSERVER_SQLEXPRESS.gds\planning (VERSION:dbo.DEFAULT)\planning.DBO.Parcels,ZONECOMBO,-1,-1;PROPINF 'PROPINF' true true false 100 Text 0 0 ,First,#,Database Servers\ARCGISSERVER_SQLEXPRESS.gds\planning (VERSION:dbo.DEFAULT)\planning.DBO.Parcels,PROPINF,-1,-1;RECORDED 'RECORDED' true true false 25 Text 0 0 ,First,#,Database Servers\ARCGISSERVER_SQLEXPRESS.gds\planning (VERSION:dbo.DEFAULT)\planning.DBO.Parcels,RECORDED,-1,-1;ASSESSORUR 'ASSESSORUR' true true false 100 Text 0 0 ,First,#,Database Servers\ARCGISSERVER_SQLEXPRESS.gds\planning (VERSION:dbo.DEFAULT)\planning.DBO.Parcels,ASSESSORUR,-1,-1;X_1 'X_1' true true false 8 Double 8 19 ,First,#,Database Servers\ARCGISSERVER_SQLEXPRESS.gds\planning (VERSION:dbo.DEFAULT)\planning.DBO.Parcels,X_1,-1,-1;Y_1 'Y_1' true true false 8 Double 8 19 ,First,#,Database Servers\ARCGISSERVER_SQLEXPRESS.gds\planning (VERSION:dbo.DEFAULT)\planning.DBO.Parcels,Y_1,-1,-1;ZCC_1 'ZCC_1' true true false 15 Text 0 0 ,First,#,Database Servers\ARCGISSERVER_SQLEXPRESS.gds\planning (VERSION:dbo.DEFAULT)\planning.DBO.Parcels,ZCC_1,-1,-1;PriorZoning_1 'PriorZoning_1' true true false 15 Text 0 0 ,First,#,Database Servers\ARCGISSERVER_SQLEXPRESS.gds\planning (VERSION:dbo.DEFAULT)\planning.DBO.Parcels,PriorZoning_1,-1,-1;DateChanged_1 'DateChanged_1' true true false 20 Text 0 0 ,First,#,Database Servers\ARCGISSERVER_SQLEXPRESS.gds\planning (VERSION:dbo.DEFAULT)\planning.DBO.Parcels,DateChanged_1,-1,-1;ResNum_1 'ResNum_1' true true false 15 Text 0 0 ,First,#,Database Servers\ARCGISSERVER_SQLEXPRESS.gds\planning (VERSION:dbo.DEFAULT)\planning.DBO.Parcels,ResNum_1,-1,-1;OrdNum_1 'OrdNum_1' true true false 15 Text 0 0 ,First,#,Database Servers\ARCGISSERVER_SQLEXPRESS.gds\planning (VERSION:dbo.DEFAULT)\planning.DBO.Parcels,OrdNum_1,-1,-1;ZCC_2 'ZCC_2' true true false 15 Text 0 0 ,First,#,Database Servers\ARCGISSERVER_SQLEXPRESS.gds\planning (VERSION:dbo.DEFAULT)\planning.DBO.Parcels,ZCC_2,-1,-1;PriorZoning_2 'PriorZoning_2' true true false 15 Text 0 0 ,First,#,Database Servers\ARCGISSERVER_SQLEXPRESS.gds\planning (VERSION:dbo.DEFAULT)\planning.DBO.Parcels,PriorZoning_2,-1,-1;DateChanged_2 'DateChanged_2' true true false 15 Text 0 0 ,First,#,Database Servers\ARCGISSERVER_SQLEXPRESS.gds\planning (VERSION:dbo.DEFAULT)\planning.DBO.Parcels,DateChanged_2,-1,-1;ResNum_2 'ResNum_2' true true false 15 Text 0 0 ,First,#,Database Servers\ARCGISSERVER_SQLEXPRESS.gds\planning (VERSION:dbo.DEFAULT)\planning.DBO.Parcels,ResNum_2,-1,-1;OrdNum_2 'OrdNum_2' true true false 50 Text 0 0 ,First,#,Database Servers\ARCGISSERVER_SQLEXPRESS.gds\planning (VERSION:dbo.DEFAULT)\planning.DBO.Parcels,OrdNum_2,-1,-1;ZCC_3 'ZCC_3' true true false 15 Text 0 0 ,First,#,Database Servers\ARCGISSERVER_SQLEXPRESS.gds\planning (VERSION:dbo.DEFAULT)\planning.DBO.Parcels,ZCC_3,-1,-1;PriorZoning_3 'PriorZoning_3' true true false 15 Text 0 0 ,First,#,Database Servers\ARCGISSERVER_SQLEXPRESS.gds\planning (VERSION:dbo.DEFAULT)\planning.DBO.Parcels,PriorZoning_3,-1,-1;DateChanged_3 'DateChanged_3' true true false 15 Text 0 0 ,First,#,Database Servers\ARCGISSERVER_SQLEXPRESS.gds\planning (VERSION:dbo.DEFAULT)\planning.DBO.Parcels,DateChanged_3,-1,-1;ResNum_3 'ResNum_3' true true false 15 Text 0 0 ,First,#,Database Servers\ARCGISSERVER_SQLEXPRESS.gds\planning (VERSION:dbo.DEFAULT)\planning.DBO.Parcels,ResNum_3,-1,-1;OrdNum_3 'OrdNum_3' true true false 15 Text 0 0 ,First,#,Database Servers\ARCGISSERVER_SQLEXPRESS.gds\planning (VERSION:dbo.DEFAULT)\planning.DBO.Parcels,OrdNum_3,-1,-1;Shape_area 'Shape_area' false false true 0 Double 0 0 ,First,#,Database Servers\ARCGISSERVER_SQLEXPRESS.gds\planning (VERSION:dbo.DEFAULT)\planning.DBO.Parcels,Shape.area,-1,-1;Shape_len 'Shape_len' false false true 0 Double 0 0 ,First,#,Database Servers\ARCGISSERVER_SQLEXPRESS.gds\planning (VERSION:dbo.DEFAULT)\planning.DBO.Parcels,Shape.len,-1,-1" # "Database Servers\ARCGISSERVER_SQLEXPRESS.gds\planning (VERSION:dbo.DEFAULT)\planning.DBO.Topology1\planning.DBO.parcelsedits"</Process><Process ToolSource="D:\Program Files\ArcGIS\ArcToolbox\Toolboxes\Conversion Tools.tbx\FeatureClassToFeatureClass" Date="20090728" Time="095515">FeatureClassToFeatureClass "Database Servers\ARCGISSERVER_SQLEXPRESS.gds\planning (VERSION:dbo.DEFAULT)\planning.DBO.Topology1\planning.DBO.parcelsedits" "Database Servers\ARCGISSERVER_SQLEXPRESS.gds\planning (VERSION:dbo.DEFAULT)" parcels1 # "APN 'APN' true true false 11 Text 0 0 ,First,#,Database Servers\ARCGISSERVER_SQLEXPRESS.gds\planning (VERSION:dbo.DEFAULT)\planning.DBO.Topology1\planning.DBO.parcelsedits,APN,-1,-1;TRACTS 'TRACTS' true true false 16 Text 0 0 ,First,#,Database Servers\ARCGISSERVER_SQLEXPRESS.gds\planning (VERSION:dbo.DEFAULT)\planning.DBO.Topology1\planning.DBO.parcelsedits,TRACTS,-1,-1;ZONE_ 'ZONE_' true true false 15 Text 0 0 ,First,#,Database Servers\ARCGISSERVER_SQLEXPRESS.gds\planning (VERSION:dbo.DEFAULT)\planning.DBO.Topology1\planning.DBO.parcelsedits,ZONE_,-1,-1;ZONECOMBO 'ZONECOMBO' true true false 6 Text 0 0 ,First,#,Database Servers\ARCGISSERVER_SQLEXPRESS.gds\planning (VERSION:dbo.DEFAULT)\planning.DBO.Topology1\planning.DBO.parcelsedits,ZONECOMBO,-1,-1;PROPINF 'PROPINF' true true false 100 Text 0 0 ,First,#,Database Servers\ARCGISSERVER_SQLEXPRESS.gds\planning (VERSION:dbo.DEFAULT)\planning.DBO.Topology1\planning.DBO.parcelsedits,PROPINF,-1,-1;RECORDED 'RECORDED' true true false 25 Text 0 0 ,First,#,Database Servers\ARCGISSERVER_SQLEXPRESS.gds\planning (VERSION:dbo.DEFAULT)\planning.DBO.Topology1\planning.DBO.parcelsedits,RECORDED,-1,-1;ASSESSORUR 'ASSESSORUR' true true false 100 Text 0 0 ,First,#,Database Servers\ARCGISSERVER_SQLEXPRESS.gds\planning (VERSION:dbo.DEFAULT)\planning.DBO.Topology1\planning.DBO.parcelsedits,ASSESSORUR,-1,-1;X_1 'X_1' true true false 8 Double 8 19 ,First,#,Database Servers\ARCGISSERVER_SQLEXPRESS.gds\planning (VERSION:dbo.DEFAULT)\planning.DBO.Topology1\planning.DBO.parcelsedits,X_1,-1,-1;Y_1 'Y_1' true true false 8 Double 8 19 ,First,#,Database Servers\ARCGISSERVER_SQLEXPRESS.gds\planning (VERSION:dbo.DEFAULT)\planning.DBO.Topology1\planning.DBO.parcelsedits,Y_1,-1,-1;ZCC_1 'ZCC_1' true true false 15 Text 0 0 ,First,#,Database Servers\ARCGISSERVER_SQLEXPRESS.gds\planning (VERSION:dbo.DEFAULT)\planning.DBO.Topology1\planning.DBO.parcelsedits,ZCC_1,-1,-1;PriorZoning_1 'PriorZoning_1' true true false 15 Text 0 0 ,First,#,Database Servers\ARCGISSERVER_SQLEXPRESS.gds\planning (VERSION:dbo.DEFAULT)\planning.DBO.Topology1\planning.DBO.parcelsedits,PriorZoning_1,-1,-1;DateChanged_1 'DateChanged_1' true true false 20 Text 0 0 ,First,#,Database Servers\ARCGISSERVER_SQLEXPRESS.gds\planning (VERSION:dbo.DEFAULT)\planning.DBO.Topology1\planning.DBO.parcelsedits,DateChanged_1,-1,-1;ResNum_1 'ResNum_1' true true false 15 Text 0 0 ,First,#,Database Servers\ARCGISSERVER_SQLEXPRESS.gds\planning (VERSION:dbo.DEFAULT)\planning.DBO.Topology1\planning.DBO.parcelsedits,ResNum_1,-1,-1;OrdNum_1 'OrdNum_1' true true false 15 Text 0 0 ,First,#,Database Servers\ARCGISSERVER_SQLEXPRESS.gds\planning (VERSION:dbo.DEFAULT)\planning.DBO.Topology1\planning.DBO.parcelsedits,OrdNum_1,-1,-1;ZCC_2 'ZCC_2' true true false 15 Text 0 0 ,First,#,Database Servers\ARCGISSERVER_SQLEXPRESS.gds\planning (VERSION:dbo.DEFAULT)\planning.DBO.Topology1\planning.DBO.parcelsedits,ZCC_2,-1,-1;PriorZoning_2 'PriorZoning_2' true true false 15 Text 0 0 ,First,#,Database Servers\ARCGISSERVER_SQLEXPRESS.gds\planning (VERSION:dbo.DEFAULT)\planning.DBO.Topology1\planning.DBO.parcelsedits,PriorZoning_2,-1,-1;DateChanged_2 'DateChanged_2' true true false 15 Text 0 0 ,First,#,Database Servers\ARCGISSERVER_SQLEXPRESS.gds\planning (VERSION:dbo.DEFAULT)\planning.DBO.Topology1\planning.DBO.parcelsedits,DateChanged_2,-1,-1;ResNum_2 'ResNum_2' true true false 15 Text 0 0 ,First,#,Database Servers\ARCGISSERVER_SQLEXPRESS.gds\planning (VERSION:dbo.DEFAULT)\planning.DBO.Topology1\planning.DBO.parcelsedits,ResNum_2,-1,-1;OrdNum_2 'OrdNum_2' true true false 50 Text 0 0 ,First,#,Database Servers\ARCGISSERVER_SQLEXPRESS.gds\planning (VERSION:dbo.DEFAULT)\planning.DBO.Topology1\planning.DBO.parcelsedits,OrdNum_2,-1,-1;ZCC_3 'ZCC_3' true true false 15 Text 0 0 ,First,#,Database Servers\ARCGISSERVER_SQLEXPRESS.gds\planning (VERSION:dbo.DEFAULT)\planning.DBO.Topology1\planning.DBO.parcelsedits,ZCC_3,-1,-1;PriorZoning_3 'PriorZoning_3' true true false 15 Text 0 0 ,First,#,Database Servers\ARCGISSERVER_SQLEXPRESS.gds\planning (VERSION:dbo.DEFAULT)\planning.DBO.Topology1\planning.DBO.parcelsedits,PriorZoning_3,-1,-1;DateChanged_3 'DateChanged_3' true true false 15 Text 0 0 ,First,#,Database Servers\ARCGISSERVER_SQLEXPRESS.gds\planning (VERSION:dbo.DEFAULT)\planning.DBO.Topology1\planning.DBO.parcelsedits,DateChanged_3,-1,-1;ResNum_3 'ResNum_3' true true false 15 Text 0 0 ,First,#,Database Servers\ARCGISSERVER_SQLEXPRESS.gds\planning (VERSION:dbo.DEFAULT)\planning.DBO.Topology1\planning.DBO.parcelsedits,ResNum_3,-1,-1;OrdNum_3 'OrdNum_3' true true false 15 Text 0 0 ,First,#,Database Servers\ARCGISSERVER_SQLEXPRESS.gds\planning (VERSION:dbo.DEFAULT)\planning.DBO.Topology1\planning.DBO.parcelsedits,OrdNum_3,-1,-1;RuleID 'RuleID' true true true 4 Long 0 10 ,First,#,Database Servers\ARCGISSERVER_SQLEXPRESS.gds\planning (VERSION:dbo.DEFAULT)\planning.DBO.Topology1\planning.DBO.parcelsedits,RuleID,-1,-1;Override 'Override' true true true 0 Blob 0 0 ,First,#,Database Servers\ARCGISSERVER_SQLEXPRESS.gds\planning (VERSION:dbo.DEFAULT)\planning.DBO.Topology1\planning.DBO.parcelsedits,Override,-1,-1;RuleID_1 'RuleID_1' true true true 4 Long 0 10 ,First,#,Database Servers\ARCGISSERVER_SQLEXPRESS.gds\planning (VERSION:dbo.DEFAULT)\planning.DBO.Topology1\planning.DBO.parcelsedits,RuleID_1,-1,-1;Override_1 'Override_1' true true true 0 Blob 0 0 ,First,#,Database Servers\ARCGISSERVER_SQLEXPRESS.gds\planning (VERSION:dbo.DEFAULT)\planning.DBO.Topology1\planning.DBO.parcelsedits,Override_1,-1,-1;RuleID_2 'RuleID_2' true true true 4 Long 0 10 ,First,#,Database Servers\ARCGISSERVER_SQLEXPRESS.gds\planning (VERSION:dbo.DEFAULT)\planning.DBO.Topology1\planning.DBO.parcelsedits,RuleID_2,-1,-1;Override_2 'Override_2' true true true 0 Blob 0 0 ,First,#,Database Servers\ARCGISSERVER_SQLEXPRESS.gds\planning (VERSION:dbo.DEFAULT)\planning.DBO.Topology1\planning.DBO.parcelsedits,Override_2,-1,-1" # "Database Servers\ARCGISSERVER_SQLEXPRESS.gds\planning (VERSION:dbo.DEFAULT)\planning.DBO.parcels1"</Process><Process ToolSource="D:\Program Files\ArcGIS\ArcToolbox\Toolboxes\Data Management Tools.tbx\CopyFeatures" Date="20090803" Time="133819">CopyFeatures "Database Servers\ARCGISSERVER_SQLEXPRESS.gds\planning (VERSION:dbo.DEFAULT)\planning.DBO.parcels" D:\gisdata\planning\planning.gdb\planning_DBO_parcels # 0 0 0</Process><Process ToolSource="D:\Program Files\ArcGIS\ArcToolbox\Toolboxes\Conversion Tools.tbx\FeatureClassToFeatureClass" Date="20090929" Time="080134">FeatureClassToFeatureClass D:\gisdata\planning\planning.gdb\parcels D:\gisdata\planning\planning.gdb\Topology parcels_edit # "APN 'APN' true true false 11 Text 0 0 ,First,#,D:\gisdata\planning\planning.gdb\parcels,APN,-1,-1;TRACTS 'TRACTS' true true false 16 Text 0 0 ,First,#,D:\gisdata\planning\planning.gdb\parcels,TRACTS,-1,-1;ZONE_ 'ZONE_' true true false 15 Text 0 0 ,First,#,D:\gisdata\planning\planning.gdb\parcels,ZONE_,-1,-1;ZONECOMBO 'ZONECOMBO' true true false 6 Text 0 0 ,First,#,D:\gisdata\planning\planning.gdb\parcels,ZONECOMBO,-1,-1;PROPINF 'PROPINF' true true false 100 Text 0 0 ,First,#,D:\gisdata\planning\planning.gdb\parcels,PROPINF,-1,-1;RECORDED 'RECORDED' true true false 25 Text 0 0 ,First,#,D:\gisdata\planning\planning.gdb\parcels,RECORDED,-1,-1;ASSESSORUR 'ASSESSORUR' true true false 100 Text 0 0 ,First,#,D:\gisdata\planning\planning.gdb\parcels,ASSESSORUR,-1,-1;X_1 'X_1' true true false 8 Double 0 0 ,First,#,D:\gisdata\planning\planning.gdb\parcels,X_1,-1,-1;Y_1 'Y_1' true true false 8 Double 0 0 ,First,#,D:\gisdata\planning\planning.gdb\parcels,Y_1,-1,-1;ZCC_1 'ZCC_1' true true false 15 Text 0 0 ,First,#,D:\gisdata\planning\planning.gdb\parcels,ZCC_1,-1,-1;PriorZoning_1 'PriorZoning_1' true true false 15 Text 0 0 ,First,#,D:\gisdata\planning\planning.gdb\parcels,PriorZoning_1,-1,-1;DateChanged_1 'DateChanged_1' true true false 20 Text 0 0 ,First,#,D:\gisdata\planning\planning.gdb\parcels,DateChanged_1,-1,-1;ResNum_1 'ResNum_1' true true false 15 Text 0 0 ,First,#,D:\gisdata\planning\planning.gdb\parcels,ResNum_1,-1,-1;OrdNum_1 'OrdNum_1' true true false 15 Text 0 0 ,First,#,D:\gisdata\planning\planning.gdb\parcels,OrdNum_1,-1,-1;ZCC_2 'ZCC_2' true true false 15 Text 0 0 ,First,#,D:\gisdata\planning\planning.gdb\parcels,ZCC_2,-1,-1;PriorZoning_2 'PriorZoning_2' true true false 15 Text 0 0 ,First,#,D:\gisdata\planning\planning.gdb\parcels,PriorZoning_2,-1,-1;DateChanged_2 'DateChanged_2' true true false 15 Text 0 0 ,First,#,D:\gisdata\planning\planning.gdb\parcels,DateChanged_2,-1,-1;ResNum_2 'ResNum_2' true true false 15 Text 0 0 ,First,#,D:\gisdata\planning\planning.gdb\parcels,ResNum_2,-1,-1;OrdNum_2 'OrdNum_2' true true false 50 Text 0 0 ,First,#,D:\gisdata\planning\planning.gdb\parcels,OrdNum_2,-1,-1;ZCC_3 'ZCC_3' true true false 15 Text 0 0 ,First,#,D:\gisdata\planning\planning.gdb\parcels,ZCC_3,-1,-1;PriorZoning_3 'PriorZoning_3' true true false 15 Text 0 0 ,First,#,D:\gisdata\planning\planning.gdb\parcels,PriorZoning_3,-1,-1;DateChanged_3 'DateChanged_3' true true false 15 Text 0 0 ,First,#,D:\gisdata\planning\planning.gdb\parcels,DateChanged_3,-1,-1;ResNum_3 'ResNum_3' true true false 15 Text 0 0 ,First,#,D:\gisdata\planning\planning.gdb\parcels,ResNum_3,-1,-1;OrdNum_3 'OrdNum_3' true true false 15 Text 0 0 ,First,#,D:\gisdata\planning\planning.gdb\parcels,OrdNum_3,-1,-1;RuleID 'RuleID' true true false 4 Long 0 0 ,First,#,D:\gisdata\planning\planning.gdb\parcels,RuleID,-1,-1;Override 'Override' true true false 0 Blob 0 0 ,First,#,D:\gisdata\planning\planning.gdb\parcels,Override,-1,-1" # D:\gisdata\planning\planning.gdb\Topology\parcels_edit</Process><Process ToolSource="C:\Program Files\ArcGIS\Desktop10.0\ArcToolbox\Toolboxes\Data Management Tools.tbx\CalculateField" Date="20111024" Time="141354">CalculateField parcels_edit ZONE_ "ML-D" VB #</Process><Process ToolSource="C:\Program Files\ArcGIS\Desktop10.0\ArcToolbox\Toolboxes\Data Management Tools.tbx\CalculateField" Date="20111024" Time="143808">CalculateField parcels_edit ZCC_1 "164-11" VB #</Process><Process ToolSource="C:\Program Files\ArcGIS\Desktop10.0\ArcToolbox\Toolboxes\Data Management Tools.tbx\CalculateField" Date="20111024" Time="144301">CalculateField parcels_edit PriorZoning_1 "ML" VB #</Process><Process ToolSource="C:\Program Files\ArcGIS\Desktop10.0\ArcToolbox\Toolboxes\Data Management Tools.tbx\CalculateField" Date="20111024" Time="144408">CalculateField parcels_edit OrdNum_1 "11-1466" VB #</Process><Process ToolSource="C:\Program Files\ArcGIS\Desktop10.0\ArcToolbox\Toolboxes\Data Management Tools.tbx\CalculateField" Date="20111024" Time="144424">CalculateField parcels_edit DateChanged_1 20111024 VB #</Process><Process ToolSource="c:\program files\arcgis\desktop10.1\ArcToolbox\Toolboxes\Conversion Tools.tbx\FeatureClassToFeatureClass" Date="20130724" Time="150237">FeatureClassToFeatureClass E:\gisdata5_13\planning\planning.gdb\zoning\zones U:\planning\planning.gdb\zoning zonesrestore # "ZONE_ "ZONE_" true true false 15 Text 0 0 ,First,#,E:\gisdata5_13\planning\planning.gdb\zoning\zones,ZONE_,-1,-1;ZONECOMBO "ZONECOMBO" true true false 6 Text 0 0 ,First,#,E:\gisdata5_13\planning\planning.gdb\zoning\zones,ZONECOMBO,-1,-1;EDIT_DATE "EDIT_DATE" true true false 8 Date 0 0 ,First,#,E:\gisdata5_13\planning\planning.gdb\zoning\zones,EDIT_DATE,-1,-1;Shape_Length "Shape_Length" false true true 8 Double 0 0 ,First,#,E:\gisdata5_13\planning\planning.gdb\zoning\zones,Shape_Length,-1,-1;Shape_Area "Shape_Area" false true true 8 Double 0 0 ,First,#,E:\gisdata5_13\planning\planning.gdb\zoning\zones,Shape_Area,-1,-1;RuleIDfc "RuleIDfc" true true true 4 Long 0 0 ,First,#,E:\gisdata5_13\planning\planning.gdb\zoning\zones,RuleIDfc,-1,-1;Overridefc "Overridefc" true true true 0 Blob 0 0 ,First,#,E:\gisdata5_13\planning\planning.gdb\zoning\zones,Overridefc,-1,-1;RuleID "RuleID" true true true 4 Long 0 0 ,First,#,E:\gisdata5_13\planning\planning.gdb\zoning\zones,RuleID,-1,-1;Override_1 "Override_1" true true true 0 Blob 0 0 ,First,#,E:\gisdata5_13\planning\planning.gdb\zoning\zones,Override_1,-1,-1" #</Process></lineage><itemProps><itemLocation><linkage Sync="TRUE">file://\\carson_nas\gis\share\on going projects\Map Gallery\zoning2017\zones.shp</linkage><protocol Sync="TRUE">Local Area Network</protocol></itemLocation><itemName Sync="TRUE">zones</itemName><imsContentType Sync="TRUE">002</imsContentType><itemSize Sync="TRUE">0.000</itemSize></itemProps><coordRef><type Sync="TRUE">Projected</type><geogcsn Sync="TRUE">GCS_North_American_1983</geogcsn><csUnits Sync="TRUE">Linear Unit: Foot_US (0.304801)</csUnits><projcsn Sync="TRUE">NAD_1983_StatePlane_California_V_FIPS_0405_Feet</projcsn><peXml Sync="TRUE">&lt;ProjectedCoordinateSystem xsi:type='typens:ProjectedCoordinateSystem' xmlns:xsi='http://www.w3.org/2001/XMLSchema-instance' xmlns:xs='http://www.w3.org/2001/XMLSchema' xmlns:typens='http://www.esri.com/schemas/ArcGIS/10.5'&gt;&lt;WKT&gt;PROJCS[&amp;quot;NAD_1983_StatePlane_California_V_FIPS_0405_Feet&amp;quot;,GEOGCS[&amp;quot;GCS_North_American_1983&amp;quot;,DATUM[&amp;quot;D_North_American_1983&amp;quot;,SPHEROID[&amp;quot;GRS_1980&amp;quot;,6378137.0,298.257222101]],PRIMEM[&amp;quot;Greenwich&amp;quot;,0.0],UNIT[&amp;quot;Degree&amp;quot;,0.0174532925199433]],PROJECTION[&amp;quot;Lambert_Conformal_Conic&amp;quot;],PARAMETER[&amp;quot;False_Easting&amp;quot;,6561666.666666666],PARAMETER[&amp;quot;False_Northing&amp;quot;,1640416.666666667],PARAMETER[&amp;quot;Central_Meridian&amp;quot;,-118.0],PARAMETER[&amp;quot;Standard_Parallel_1&amp;quot;,34.03333333333333],PARAMETER[&amp;quot;Standard_Parallel_2&amp;quot;,35.46666666666667],PARAMETER[&amp;quot;Latitude_Of_Origin&amp;quot;,33.5],UNIT[&amp;quot;Foot_US&amp;quot;,0.3048006096012192],AUTHORITY[&amp;quot;EPSG&amp;quot;,2229]]&lt;/WKT&gt;&lt;XOrigin&gt;-117608900&lt;/XOrigin&gt;&lt;YOrigin&gt;-91881400&lt;/YOrigin&gt;&lt;XYScale&gt;36269466.692146368&lt;/XYScale&gt;&lt;ZOrigin&gt;-100000&lt;/ZOrigin&gt;&lt;ZScale&gt;10000&lt;/ZScale&gt;&lt;MOrigin&gt;-100000&lt;/MOrigin&gt;&lt;MScale&gt;10000&lt;/MScale&gt;&lt;XYTolerance&gt;0.0032808333333333331&lt;/XYTolerance&gt;&lt;ZTolerance&gt;0.001&lt;/ZTolerance&gt;&lt;MTolerance&gt;0.001&lt;/MTolerance&gt;&lt;HighPrecision&gt;true&lt;/HighPrecision&gt;&lt;WKID&gt;102645&lt;/WKID&gt;&lt;LatestWKID&gt;2229&lt;/LatestWKID&gt;&lt;/ProjectedCoordinateSystem&gt;</peXml></coordRef></DataProperties><ArcGISFormat>1.0</ArcGISFormat></Esri><idinfo><native Sync="TRUE">Microsoft Windows 2000 Version 5.2 (Build 3790) Service Pack 2; ESRI ArcCatalog 9.3.1.3000</native><descript><langdata Sync="TRUE">en</langdata><abstract>REQUIRED: A brief narrative summary of the data set.</abstract><purpose>REQUIRED: A summary of the intentions with which the data set was developed.</purpose></descript><citation><citeinfo><origin>REQUIRED: The name of an organization or individual that developed the data set.</origin><pubdate>REQUIRED: The date when the data set is published or otherwise made available for release.</pubdate><title Sync="TRUE">parcels_edit</title><ftname Sync="TRUE">parcels_edit</ftname><geoform Sync="TRUE">vector digital data</geoform><onlink Sync="TRUE">\\ARCGISSERVER\gisdata\planning\planning.gdb</onlink></citeinfo></citation><timeperd><current>REQUIRED: The basis on which the time period of content information is determined.</current><timeinfo><sngdate><caldate>REQUIRED: The year (and optionally month, or month and day) for which the data set corresponds to the ground.</caldate></sngdate></timeinfo></timeperd><status><progress>REQUIRED: The state of the data set.</progress><update>REQUIRED: The frequency with which changes and additions are made to the data set after the initial data set is completed.</update></status><spdom><bounding><westbc Sync="TRUE">-118.288930</westbc><eastbc Sync="TRUE">-118.205780</eastbc><northbc Sync="TRUE">33.886232</northbc><southbc Sync="TRUE">33.792426</southbc></bounding><lboundng><leftbc Sync="TRUE">6473972.500016</leftbc><rightbc Sync="TRUE">6499140.000008</rightbc><bottombc Sync="TRUE">1746966.874942</bottombc><topbc Sync="TRUE">1781043.374940</topbc></lboundng></spdom><keywords><theme><themekt>REQUIRED: Reference to a formally registered thesaurus or a similar authoritative source of theme keywords.</themekt><themekey>REQUIRED: Common-use word or phrase used to describe the subject of the data set.</themekey></theme></keywords><accconst>REQUIRED: Restrictions and legal prerequisites for accessing the data set.</accconst><useconst>REQUIRED: Restrictions and legal prerequisites for using the data set after access is granted.</useconst><natvform Sync="TRUE">File Geodatabase Feature Class</natvform></idinfo><dataIdInfo><envirDesc Sync="TRUE"> Version 6.2 (Build 9200) ; Esri ArcGIS 10.5.1.7333</envirDesc><dataLang><languageCode Sync="TRUE" value="eng"></languageCode><countryCode value="USA" Sync="TRUE"></countryCode></dataLang><idCitation><resTitle Sync="TRUE">zones</resTitle><presForm><PresFormCd Sync="TRUE" value="005"></PresFormCd></presForm></idCitation><spatRpType><SpatRepTypCd Sync="TRUE" value="001"></SpatRepTypCd></spatRpType><dataExt><geoEle><GeoBndBox esriExtentType="native"><westBL Sync="TRUE">6473972.500016</westBL><eastBL Sync="TRUE">6499140.000008</eastBL><northBL Sync="TRUE">1781043.37494</northBL><southBL Sync="TRUE">1746966.874942</southBL><exTypeCode Sync="TRUE">1</exTypeCode></GeoBndBox></geoEle></dataExt><geoBox esriExtentType="decdegrees"><westBL Sync="TRUE">-118.28893</westBL><eastBL Sync="TRUE">-118.20578</eastBL><northBL Sync="TRUE">33.886232</northBL><southBL Sync="TRUE">33.792426</southBL><exTypeCode Sync="TRUE">1</exTypeCode></geoBox></dataIdInfo><metainfo><langmeta Sync="TRUE">en</langmeta><metstdn Sync="TRUE">FGDC Content Standards for Digital Geospatial Metadata</metstdn><metstdv Sync="TRUE">FGDC-STD-001-1998</metstdv><mettc Sync="TRUE">local time</mettc><metc><cntinfo><cntorgp><cntper>REQUIRED: The person responsible for the metadata information.</cntper><cntorg>REQUIRED: The organization responsible for the metadata information.</cntorg></cntorgp><cntaddr><addrtype>REQUIRED: The mailing and/or physical address for the organization or individual.</addrtype><city>REQUIRED: The city of the address.</city><state>REQUIRED: The state or province of the address.</state><postal>REQUIRED: The ZIP or other postal code of the address.</postal></cntaddr><cntvoice>REQUIRED: The telephone number by which individuals can speak to the organization or individual.</cntvoice></cntinfo></metc><metd Sync="TRUE">20090929</metd></metainfo><mdLang><languageCode Sync="TRUE" value="eng"></languageCode><countryCode value="USA" Sync="TRUE"></countryCode></mdLang><mdStanName Sync="TRUE">ISO 19115 Geographic Information - Metadata</mdStanName><mdStanVer Sync="TRUE">DIS_ESRI1.0</mdStanVer><mdChar><CharSetCd Sync="TRUE" value="004"></CharSetCd></mdChar><mdHrLv><ScopeCd Sync="TRUE" value="005"></ScopeCd></mdHrLv><mdHrLvName Sync="TRUE">dataset</mdHrLvName><distinfo><resdesc Sync="TRUE">Downloadable Data</resdesc></distinfo><distInfo><distributor><distorTran><onLineSrc><orDesc Sync="TRUE">002</orDesc><linkage Sync="TRUE">file://\\ARCGISSERVER\gisdata\planning\planning.gdb</linkage><protocol Sync="TRUE">Local Area Network</protocol></onLineSrc></distorTran><distorFormat><formatName Sync="TRUE">File Geodatabase Feature Class</formatName></distorFormat></distributor><distFormat><formatName Sync="TRUE">Shapefile</formatName></distFormat><distTranOps><transSize Sync="TRUE">0.000</transSize></distTranOps></distInfo><spdoinfo><direct Sync="TRUE">Vector</direct><ptvctinf><esriterm Name="zones"><efeatyp Sync="TRUE">Simple</efeatyp><efeageom code="4" Sync="TRUE"></efeageom><esritopo Sync="TRUE">FALSE</esritopo><efeacnt Sync="TRUE">0</efeacnt><spindex Sync="TRUE">FALSE</spindex><linrefer Sync="TRUE">FALSE</linrefer></esriterm></ptvctinf></spdoinfo><spref><horizsys><cordsysn><geogcsn Sync="TRUE">GCS_North_American_1983</geogcsn><projcsn Sync="TRUE">NAD_1983_StatePlane_California_V_FIPS_0405_Feet</projcsn></cordsysn><planar><planci><plance Sync="TRUE">coordinate pair</plance><plandu Sync="TRUE">survey feet</plandu><coordrep><absres Sync="TRUE">0.000328</absres><ordres Sync="TRUE">0.000328</ordres></coordrep></planci></planar><geodetic><horizdn Sync="TRUE">North American Datum of 1983</horizdn><ellips Sync="TRUE">Geodetic Reference System 80</ellips><semiaxis Sync="TRUE">6378137.000000</semiaxis><denflat Sync="TRUE">298.257222</denflat></geodetic></horizsys><vertdef><altsys><altenc Sync="TRUE">Explicit elevation coordinate included with horizontal coordinates</altenc><altres Sync="TRUE">0.000100</altres></altsys></vertdef></spref><refSysInfo><RefSystem><refSysID><identCode Sync="TRUE" code="2229">NAD_1983_StatePlane_California_V_FIPS_0405_Feet</identCode><idCodeSpace Sync="TRUE">EPSG</idCodeSpace><idVersion Sync="TRUE">5.3(9.0.0)</idVersion></refSysID></RefSystem></refSysInfo><spatRepInfo><VectSpatRep><geometObjs Name="zones"><geoObjTyp><GeoObjTypCd value="002" Sync="TRUE"></GeoObjTypCd></geoObjTyp><geoObjCnt Sync="TRUE">0</geoObjCnt></geometObjs><topLvl><TopoLevCd value="001" Sync="TRUE"></TopoLevCd></topLvl></VectSpatRep></spatRepInfo><eainfo><detailed Name="zones"><enttyp><enttypl Sync="TRUE">zones</enttypl><enttypt Sync="TRUE">Feature Class</enttypt><enttypc Sync="TRUE">0</enttypc></enttyp><attr><attrlabl Sync="TRUE">FID</attrlabl><attalias Sync="TRUE">FID</attalias><attrtype Sync="TRUE">OID</attrtype><attwidth Sync="TRUE">4</attwidth><atprecis Sync="TRUE">0</atprecis><attscale Sync="TRUE">0</attscale><attrdef Sync="TRUE">Internal feature number.</attrdef><attrdefs Sync="TRUE">Esri</attrdefs><attrdomv><udom Sync="TRUE">Sequential unique whole numbers that are automatically generated.</udom></attrdomv></attr><attr><attrlabl Sync="TRUE">ZONE_</attrlabl><attalias Sync="TRUE">ZONE_</attalias><attrtype Sync="TRUE">String</attrtype><attwidth Sync="TRUE">15</attwidth><atprecis Sync="TRUE">0</atprecis><attscale Sync="TRUE">0</attscale></attr><attr><attrlabl Sync="TRUE">ZONECOMBO</attrlabl><attalias Sync="TRUE">ZONECOMBO</attalias><attrtype Sync="TRUE">String</attrtype><attwidth Sync="TRUE">6</attwidth><atprecis Sync="TRUE">0</atprecis><attscale Sync="TRUE">0</attscale></attr><attr><attrlabl Sync="TRUE">Shape</attrlabl><attalias Sync="TRUE">Shape</attalias><attrtype Sync="TRUE">Geometry</attrtype><attwidth Sync="TRUE">0</attwidth><atprecis Sync="TRUE">0</atprecis><attscale Sync="TRUE">0</attscale><attrdef Sync="TRUE">Feature geometry.</attrdef><attrdefs Sync="TRUE">ESRI</attrdefs><attrdomv><udom Sync="TRUE">Coordinates defining the features.</udom></attrdomv></attr><attr><attrlabl Sync="TRUE">EDIT_DATE</attrlabl><attalias Sync="TRUE">EDIT_DATE</attalias><attrtype Sync="TRUE">Date</attrtype><attwidth Sync="TRUE">8</attwidth><atprecis Sync="TRUE">0</atprecis><attscale Sync="TRUE">0</attscale></attr><attr><attrlabl Sync="TRUE">RuleIDfc</attrlabl><attalias Sync="TRUE">RuleIDfc</attalias><attrtype Sync="TRUE">Integer</attrtype><attwidth Sync="TRUE">10</attwidth><atprecis Sync="TRUE">10</atprecis><attscale Sync="TRUE">0</attscale></attr><attr><attrlabl Sync="TRUE">RuleID</attrlabl><attalias Sync="TRUE">RuleID</attalias><attrtype Sync="TRUE">Integer</attrtype><attwidth Sync="TRUE">10</attwidth><atprecis Sync="TRUE">10</atprecis><attscale Sync="TRUE">0</attscale></attr><attr><attrlabl Sync="TRUE">Shape_Leng</attrlabl><attalias Sync="TRUE">Shape_Leng</attalias><attrtype Sync="TRUE">Double</attrtype><attwidth Sync="TRUE">19</attwidth><atprecis Sync="TRUE">0</atprecis><attscale Sync="TRUE">0</attscale></attr><attr><attrlabl Sync="TRUE">Shape_Area</attrlabl><attalias Sync="TRUE">Shape_Area</attalias><attrtype Sync="TRUE">Double</attrtype><attwidth Sync="TRUE">19</attwidth><atprecis Sync="TRUE">0</atprecis><attscale Sync="TRUE">0</attscale><attrdef Sync="TRUE">Area of feature in internal units squared.</attrdef><attrdefs Sync="TRUE">ESRI</attrdefs><attrdomv><udom Sync="TRUE">Positive real numbers that are automatically generated.</udom></attrdomv></attr></detailed></eainfo><mdDateSt Sync="TRUE">20170828</mdDateSt></metadata>
